/*M!999999\- enable the sandbox mode */ 
-- MariaDB dump 10.19  Distrib 10.6.22-MariaDB, for Linux (x86_64)
--
-- Host: localhost    Database: djpiycij_testcase_repository
-- ------------------------------------------------------
-- Server version	10.6.22-MariaDB-cll-lve

/*!40101 SET @OLD_CHARACTER_SET_CLIENT=@@CHARACTER_SET_CLIENT */;
/*!40101 SET @OLD_CHARACTER_SET_RESULTS=@@CHARACTER_SET_RESULTS */;
/*!40101 SET @OLD_COLLATION_CONNECTION=@@COLLATION_CONNECTION */;
/*!40101 SET NAMES utf8mb4 */;
/*!40103 SET @OLD_TIME_ZONE=@@TIME_ZONE */;
/*!40103 SET TIME_ZONE='+00:00' */;
/*!40014 SET @OLD_UNIQUE_CHECKS=@@UNIQUE_CHECKS, UNIQUE_CHECKS=0 */;
/*!40014 SET @OLD_FOREIGN_KEY_CHECKS=@@FOREIGN_KEY_CHECKS, FOREIGN_KEY_CHECKS=0 */;
/*!40101 SET @OLD_SQL_MODE=@@SQL_MODE, SQL_MODE='NO_AUTO_VALUE_ON_ZERO' */;
/*!40111 SET @OLD_SQL_NOTES=@@SQL_NOTES, SQL_NOTES=0 */;

--
-- Table structure for table `category`
--

DROP TABLE IF EXISTS `category`;
/*!40101 SET @saved_cs_client     = @@character_set_client */;
/*!40101 SET character_set_client = utf8mb4 */;
CREATE TABLE `category` (
  `id` bigint(20) unsigned NOT NULL AUTO_INCREMENT,
  `name` varchar(255) NOT NULL,
  `description` text DEFAULT NULL,
  `created_at` timestamp NULL DEFAULT NULL,
  `updated_at` timestamp NULL DEFAULT NULL,
  PRIMARY KEY (`id`)
) ENGINE=InnoDB AUTO_INCREMENT=17 DEFAULT CHARSET=utf8mb4 COLLATE=utf8mb4_unicode_ci;
/*!40101 SET character_set_client = @saved_cs_client */;

--
-- Dumping data for table `category`
--

LOCK TABLES `category` WRITE;
/*!40000 ALTER TABLE `category` DISABLE KEYS */;
INSERT INTO `category` (`id`, `name`, `description`, `created_at`, `updated_at`) VALUES (1,'Login',NULL,NULL,'2025-06-14 21:22:23'),(2,'Register',NULL,NULL,'2025-06-14 21:22:28'),(3,'Forgot Password',NULL,NULL,'2025-06-14 21:22:41'),(4,'Home',NULL,NULL,'2025-06-14 21:23:06'),(5,'Promotion',NULL,NULL,'2025-06-26 05:43:26'),(6,'Favorite',NULL,'2025-05-08 08:10:45','2025-06-26 05:44:39'),(7,'Change Store',NULL,'2025-05-08 08:10:56','2025-06-26 05:45:00'),(8,'News',NULL,'2025-05-08 08:14:13','2025-06-15 09:29:04'),(9,'Catalogue',NULL,'2025-06-14 18:44:30','2025-06-26 05:45:18'),(10,'Product Detail',NULL,'2025-06-14 18:44:34','2025-06-26 05:45:30'),(11,'Order Confirmation',NULL,'2025-06-14 18:44:38','2025-06-26 05:45:44'),(12,'Order List',NULL,'2025-06-14 18:44:42','2025-06-26 05:45:54'),(13,'Account',NULL,'2025-06-14 18:44:45','2025-06-26 05:46:04'),(14,'Edit Profile',NULL,'2025-06-26 05:46:20','2025-06-26 05:46:20'),(15,'Saved Addresses',NULL,'2025-06-26 05:47:29','2025-06-26 05:47:29'),(16,'Live Chat',NULL,'2025-07-01 11:05:50','2025-07-01 11:05:50');
/*!40000 ALTER TABLE `category` ENABLE KEYS */;
UNLOCK TABLES;

--
-- Table structure for table `failed_jobs`
--

DROP TABLE IF EXISTS `failed_jobs`;
/*!40101 SET @saved_cs_client     = @@character_set_client */;
/*!40101 SET character_set_client = utf8mb4 */;
CREATE TABLE `failed_jobs` (
  `id` bigint(20) unsigned NOT NULL AUTO_INCREMENT,
  `uuid` varchar(255) NOT NULL,
  `connection` text NOT NULL,
  `queue` text NOT NULL,
  `payload` longtext NOT NULL,
  `exception` longtext NOT NULL,
  `failed_at` timestamp NOT NULL DEFAULT current_timestamp(),
  PRIMARY KEY (`id`),
  UNIQUE KEY `failed_jobs_uuid_unique` (`uuid`)
) ENGINE=InnoDB DEFAULT CHARSET=utf8mb4 COLLATE=utf8mb4_unicode_ci;
/*!40101 SET character_set_client = @saved_cs_client */;

--
-- Dumping data for table `failed_jobs`
--

LOCK TABLES `failed_jobs` WRITE;
/*!40000 ALTER TABLE `failed_jobs` DISABLE KEYS */;
/*!40000 ALTER TABLE `failed_jobs` ENABLE KEYS */;
UNLOCK TABLES;

--
-- Table structure for table `migrations`
--

DROP TABLE IF EXISTS `migrations`;
/*!40101 SET @saved_cs_client     = @@character_set_client */;
/*!40101 SET character_set_client = utf8mb4 */;
CREATE TABLE `migrations` (
  `id` int(10) unsigned NOT NULL AUTO_INCREMENT,
  `migration` varchar(255) NOT NULL,
  `batch` int(11) NOT NULL,
  PRIMARY KEY (`id`)
) ENGINE=InnoDB AUTO_INCREMENT=11 DEFAULT CHARSET=utf8mb4 COLLATE=utf8mb4_unicode_ci;
/*!40101 SET character_set_client = @saved_cs_client */;

--
-- Dumping data for table `migrations`
--

LOCK TABLES `migrations` WRITE;
/*!40000 ALTER TABLE `migrations` DISABLE KEYS */;
INSERT INTO `migrations` (`id`, `migration`, `batch`) VALUES (1,'2014_10_12_100000_create_password_reset_tokens_table',1),(2,'2019_08_19_000000_create_failed_jobs_table',1),(3,'2019_12_14_000001_create_personal_access_tokens_table',1),(4,'2024_12_06_170823_create_users_table',1),(5,'2025_04_26_011432_create_types_table',1),(6,'2025_04_26_150424_create_categories_table',1),(7,'2025_04_26_214025_create_test_cases_table',1),(8,'2025_05_03_211844_create_synonym_table',1),(9,'2025_05_04_162008_add_is_used_to_test_cases_table',1),(10,'2025_05_04_193141_create_tags_table',1);
/*!40000 ALTER TABLE `migrations` ENABLE KEYS */;
UNLOCK TABLES;

--
-- Table structure for table `password_reset_tokens`
--

DROP TABLE IF EXISTS `password_reset_tokens`;
/*!40101 SET @saved_cs_client     = @@character_set_client */;
/*!40101 SET character_set_client = utf8mb4 */;
CREATE TABLE `password_reset_tokens` (
  `email` varchar(255) NOT NULL,
  `token` varchar(255) NOT NULL,
  `created_at` timestamp NULL DEFAULT NULL,
  PRIMARY KEY (`email`)
) ENGINE=InnoDB DEFAULT CHARSET=utf8mb4 COLLATE=utf8mb4_unicode_ci;
/*!40101 SET character_set_client = @saved_cs_client */;

--
-- Dumping data for table `password_reset_tokens`
--

LOCK TABLES `password_reset_tokens` WRITE;
/*!40000 ALTER TABLE `password_reset_tokens` DISABLE KEYS */;
/*!40000 ALTER TABLE `password_reset_tokens` ENABLE KEYS */;
UNLOCK TABLES;

--
-- Table structure for table `personal_access_tokens`
--

DROP TABLE IF EXISTS `personal_access_tokens`;
/*!40101 SET @saved_cs_client     = @@character_set_client */;
/*!40101 SET character_set_client = utf8mb4 */;
CREATE TABLE `personal_access_tokens` (
  `id` bigint(20) unsigned NOT NULL AUTO_INCREMENT,
  `tokenable_type` varchar(255) NOT NULL,
  `tokenable_id` bigint(20) unsigned NOT NULL,
  `name` varchar(255) NOT NULL,
  `token` varchar(64) NOT NULL,
  `abilities` text DEFAULT NULL,
  `last_used_at` timestamp NULL DEFAULT NULL,
  `expires_at` timestamp NULL DEFAULT NULL,
  `created_at` timestamp NULL DEFAULT NULL,
  `updated_at` timestamp NULL DEFAULT NULL,
  PRIMARY KEY (`id`),
  UNIQUE KEY `personal_access_tokens_token_unique` (`token`),
  KEY `personal_access_tokens_tokenable_type_tokenable_id_index` (`tokenable_type`,`tokenable_id`)
) ENGINE=InnoDB DEFAULT CHARSET=utf8mb4 COLLATE=utf8mb4_unicode_ci;
/*!40101 SET character_set_client = @saved_cs_client */;

--
-- Dumping data for table `personal_access_tokens`
--

LOCK TABLES `personal_access_tokens` WRITE;
/*!40000 ALTER TABLE `personal_access_tokens` DISABLE KEYS */;
/*!40000 ALTER TABLE `personal_access_tokens` ENABLE KEYS */;
UNLOCK TABLES;

--
-- Table structure for table `sessions`
--

DROP TABLE IF EXISTS `sessions`;
/*!40101 SET @saved_cs_client     = @@character_set_client */;
/*!40101 SET character_set_client = utf8mb4 */;
CREATE TABLE `sessions` (
  `id` varchar(255) NOT NULL,
  `user_id` bigint(20) unsigned DEFAULT NULL,
  `ip_address` varchar(45) DEFAULT NULL,
  `user_agent` text DEFAULT NULL,
  `payload` longtext NOT NULL,
  `last_activity` int(11) NOT NULL,
  PRIMARY KEY (`id`),
  KEY `sessions_user_id_index` (`user_id`),
  KEY `sessions_last_activity_index` (`last_activity`)
) ENGINE=InnoDB DEFAULT CHARSET=utf8mb4 COLLATE=utf8mb4_unicode_ci;
/*!40101 SET character_set_client = @saved_cs_client */;

--
-- Dumping data for table `sessions`
--

LOCK TABLES `sessions` WRITE;
/*!40000 ALTER TABLE `sessions` DISABLE KEYS */;
/*!40000 ALTER TABLE `sessions` ENABLE KEYS */;
UNLOCK TABLES;

--
-- Table structure for table `synonyms`
--

DROP TABLE IF EXISTS `synonyms`;
/*!40101 SET @saved_cs_client     = @@character_set_client */;
/*!40101 SET character_set_client = utf8mb4 */;
CREATE TABLE `synonyms` (
  `id` bigint(20) unsigned NOT NULL AUTO_INCREMENT,
  `original_word` varchar(255) NOT NULL,
  `synonyms` longtext CHARACTER SET utf8mb4 COLLATE utf8mb4_bin NOT NULL CHECK (json_valid(`synonyms`)),
  `created_at` timestamp NULL DEFAULT NULL,
  `updated_at` timestamp NULL DEFAULT NULL,
  PRIMARY KEY (`id`)
) ENGINE=InnoDB AUTO_INCREMENT=19 DEFAULT CHARSET=utf8mb4 COLLATE=utf8mb4_unicode_ci;
/*!40101 SET character_set_client = @saved_cs_client */;

--
-- Dumping data for table `synonyms`
--

LOCK TABLES `synonyms` WRITE;
/*!40000 ALTER TABLE `synonyms` DISABLE KEYS */;
INSERT INTO `synonyms` (`id`, `original_word`, `synonyms`, `created_at`, `updated_at`) VALUES (1,'login','[\"log in\",\"log-in\",\"loginn\",\"logn\",\"masuk\",\"msk\",\"login-in\",\"mlogin\"]',NULL,NULL),(2,'logout','[\"log out\",\"log-out\",\"logoutt\",\"logut\",\"keluar\",\"kluar\"]',NULL,NULL),(3,'register','[\"register\",\"registrasi\",\"mendaftar\",\"mendaftarkan\",\"daftar\",\"sign up\",\"signup\"]',NULL,NULL),(4,'sign up','[\"sign up\",\"signup\",\"sign-in\",\"signin\",\"registrasi\",\"mendaftar\",\"daftar\"]',NULL,NULL),(5,'test case','[\"testcase\",\"test-case\",\"tc\",\"tes case\",\"tes-case\"]',NULL,NULL),(6,'steps','[\"step\",\"langkah\",\"tahapan\",\"langkahn\",\"stpes\"]',NULL,NULL),(7,'expected result','[\"expected result\",\"expected-result\",\"hasil yang diharapkan\",\"hasil\",\"resul\",\"reults\"]',NULL,NULL),(8,'case','[\"case\",\"kasus\",\"cs\",\"cases\",\"kase\"]',NULL,NULL),(9,'priority','[\"priority\",\"prioritas\",\"priorites\",\"prority\"]',NULL,NULL),(10,'type','[\"type\",\"tipe\",\"tipes\",\"tip\",\"typo\"]',NULL,NULL),(11,'category','[\"category\",\"kategori\",\"catagory\",\"categori\",\"kategori\"]',NULL,NULL),(12,'update','[\"update\",\"updating\",\"updateed\",\"updte\",\"perbarui\"]',NULL,NULL),(13,'login page','[\"login page\",\"page login\",\"halaman login\",\"login-pg\"]',NULL,NULL),(14,'forgot password','[\"forgot password\",\"forgot-pass\",\"lupa password\",\"forgotpw\",\"forgotpass\"]',NULL,NULL),(15,'home','[\"home\",\"homes\",\"halaman utama\",\"homepage\"]',NULL,NULL),(16,'dashboard','[\"dashboard\",\"dasboard\",\"dshboard\",\"dasboard\",\"panel\"]',NULL,NULL),(17,'sama','[\"same\",\"sam\",\"smaa\"]','2025-05-08 08:12:46','2025-05-08 08:12:46'),(18,'ini','[\"apa\"]','2025-05-08 08:13:05','2025-05-08 08:13:05');
/*!40000 ALTER TABLE `synonyms` ENABLE KEYS */;
UNLOCK TABLES;

--
-- Table structure for table `tags`
--

DROP TABLE IF EXISTS `tags`;
/*!40101 SET @saved_cs_client     = @@character_set_client */;
/*!40101 SET character_set_client = utf8mb4 */;
CREATE TABLE `tags` (
  `id` bigint(20) unsigned NOT NULL AUTO_INCREMENT,
  `name` varchar(255) NOT NULL,
  `created_at` timestamp NULL DEFAULT NULL,
  `updated_at` timestamp NULL DEFAULT NULL,
  PRIMARY KEY (`id`),
  UNIQUE KEY `tags_name_unique` (`name`)
) ENGINE=InnoDB AUTO_INCREMENT=20 DEFAULT CHARSET=utf8mb4 COLLATE=utf8mb4_unicode_ci;
/*!40101 SET character_set_client = @saved_cs_client */;

--
-- Dumping data for table `tags`
--

LOCK TABLES `tags` WRITE;
/*!40000 ALTER TABLE `tags` DISABLE KEYS */;
INSERT INTO `tags` (`id`, `name`, `created_at`, `updated_at`) VALUES (1,'Login','2025-05-06 03:41:17','2025-06-16 14:43:22'),(2,'Re1','2025-05-06 03:41:17','2025-06-16 14:43:33'),(3,'Forgot Password','2025-05-06 03:41:17','2025-06-30 14:47:12'),(4,'News','2025-05-06 03:41:17','2025-06-27 10:16:25'),(5,'Home','2025-05-06 03:41:17','2025-06-27 16:53:24'),(6,'Favorite','2025-05-06 03:41:17','2025-06-28 08:17:09'),(7,'Change Store','2025-05-06 03:41:17','2025-06-29 05:45:55'),(8,'Catalogue','2025-05-06 03:41:17','2025-06-29 14:32:06'),(9,'Product Detail','2025-05-06 03:41:17','2025-06-30 14:38:13'),(10,'Order Confirmation','2025-05-06 03:41:17','2025-06-30 14:47:01'),(11,'Live Chat','2025-05-08 08:13:39','2025-06-30 14:47:32'),(12,'Register','2025-05-08 08:13:49','2025-06-26 05:42:21'),(13,'Promotion','2025-06-27 09:43:31','2025-06-27 09:43:31'),(14,'Re2','2025-06-27 09:43:41','2025-06-27 09:43:41'),(15,'Order List','2025-06-30 14:47:58','2025-06-30 14:47:58'),(16,'Account','2025-06-30 14:48:07','2025-06-30 14:48:07'),(17,'Edit Profile','2025-06-30 14:48:17','2025-06-30 14:48:17'),(18,'Re3','2025-06-30 15:10:03','2025-06-30 15:10:03'),(19,'Saved Address','2025-06-30 17:16:32','2025-06-30 17:16:32');
/*!40000 ALTER TABLE `tags` ENABLE KEYS */;
UNLOCK TABLES;

--
-- Table structure for table `test_cases`
--

DROP TABLE IF EXISTS `test_cases`;
/*!40101 SET @saved_cs_client     = @@character_set_client */;
/*!40101 SET character_set_client = utf8mb4 */;
CREATE TABLE `test_cases` (
  `test_case_id` bigint(20) unsigned NOT NULL AUTO_INCREMENT,
  `position` int(11) DEFAULT NULL,
  `nomor` int(11) NOT NULL,
  `kategori_id` bigint(20) unsigned NOT NULL,
  `type_id` bigint(20) unsigned NOT NULL,
  `nama_test_case` varchar(255) NOT NULL,
  `steps` text NOT NULL,
  `test_data` text DEFAULT NULL,
  `expected_result` text NOT NULL,
  `case_type` enum('positive','negative') NOT NULL DEFAULT 'positive',
  `admin_status` enum('created','updated') NOT NULL DEFAULT 'created',
  `priority` enum('critical','urgent','high','medium','low') NOT NULL DEFAULT 'medium',
  `created_at` timestamp NULL DEFAULT NULL,
  `updated_at` timestamp NULL DEFAULT NULL,
  `tags` longtext CHARACTER SET utf8mb4 COLLATE utf8mb4_bin DEFAULT NULL CHECK (json_valid(`tags`)),
  `is_used` tinyint(1) NOT NULL DEFAULT 0,
  PRIMARY KEY (`test_case_id`),
  KEY `test_cases_kategori_id_foreign` (`kategori_id`),
  KEY `test_cases_type_id_foreign` (`type_id`),
  CONSTRAINT `test_cases_kategori_id_foreign` FOREIGN KEY (`kategori_id`) REFERENCES `category` (`id`) ON DELETE CASCADE,
  CONSTRAINT `test_cases_type_id_foreign` FOREIGN KEY (`type_id`) REFERENCES `type` (`id`) ON DELETE CASCADE
) ENGINE=InnoDB AUTO_INCREMENT=251 DEFAULT CHARSET=utf8mb4 COLLATE=utf8mb4_unicode_ci;
/*!40101 SET character_set_client = @saved_cs_client */;

--
-- Dumping data for table `test_cases`
--

LOCK TABLES `test_cases` WRITE;
/*!40000 ALTER TABLE `test_cases` DISABLE KEYS */;
INSERT INTO `test_cases` (`test_case_id`, `position`, `nomor`, `kategori_id`, `type_id`, `nama_test_case`, `steps`, `test_data`, `expected_result`, `case_type`, `admin_status`, `priority`, `created_at`, `updated_at`, `tags`, `is_used`) VALUES (13,1,1,1,7,'Check system behavior when user input registered valid phone number and password','- On the login page\r\n- Input valid phone number and password\r\n- Tap on \"login\" button','Phone Number: 08123456789\r\nPassword: password\r\nPhone Code: 62','User should be able directed to home page','positive','updated','medium','2025-06-16 14:42:11','2025-06-30 15:09:06','[1,2]',0),(14,2,2,1,7,'Check system behavior when user input unregistered phone number and password','- On the login page\r\n- Input invalid valid phone number and password\r\n- Tap on \"login\" button','Phone Number: 0812345679\r\nPassword: password123\r\nPhone Code: 61','User should be able to see error message and prevent to log in','negative','updated','medium','2025-06-16 14:44:53','2025-06-30 15:09:06','[1,2]',0),(15,3,3,1,7,'Check system behavior when user tap log in button without fill form','- Open the apps\r\n- Tap on “login” button',NULL,'User should be able to see error message and prevent to log in','negative','updated','medium','2025-06-16 14:46:43','2025-06-30 15:09:06','[1,2]',0),(16,4,4,1,7,'Check system behavior when user inputs registered valid phone number and password, but changes the country code picker','- On the login page\r\n- Fill data\r\n- Change phone code\r\n- Tap on \"login\" button','Phone Number: 08123456789\r\nPassword: password\r\nPhone Code: 60','User should not be able to log in and error message appear','negative','updated','medium','2025-06-16 14:47:56','2025-06-30 15:09:06','[1,2]',0),(17,5,5,1,7,'Check system behavior when user input invalid phone number and password','- on the log in page\r\n- Input invalid phone number and password\r\n- Tap on \"login\" button','Phone Number: 08AB1234567\r\nPassword: password🙏\r\nPhone Code: 62','User should be able to see error message','negative','updated','medium','2025-06-16 14:48:53','2025-06-30 15:09:06','[1,2]',0),(18,6,6,1,7,'Check system behavior when user input phone number less than 7 characters','- On the log in page\r\n- Input phone number less than 7 character\r\n- Input valid password\r\n- Tap on \"login\" button','Phone Number: 08123','User should be able to see error message','negative','updated','medium','2025-06-17 08:56:09','2025-06-30 15:09:06','[1,2]',0),(19,7,7,1,7,'Check system behavior when user input phone number more than 14 characters','- On the log in page\r\n- Input phone number more than 14 character\r\n- Input valid password\r\n- Tap on \"login\" button','Phone Number: 0812345678901234','User should be able to see error message','negative','updated','medium','2025-06-17 08:56:58','2025-06-30 15:09:06','[1,2]',0),(20,8,8,1,7,'Check system behavior when user input phone number only','- on the login page\r\n- Input only email\r\n- Tap on \"login\" button','Phone Number: 08123456789','User should be able to see inline error message','negative','updated','medium','2025-06-17 08:57:46','2025-06-30 15:09:06','[1,2]',0),(21,9,9,1,7,'Check system behavior when user input password only','- on the login page\r\n- Input password only\r\n- Tap on \"login\" button','Password: password','User should be able to see inline error message','negative','updated','low','2025-06-17 08:58:29','2025-06-30 15:09:06','[1,2]',0),(22,10,10,1,7,'Check system behavior when user input password less than 6 character','- On the log in page\r\n- Input valid phone number \r\n- Input password less than 6 character\r\n- Tap on \"login\" button','Password: passw','User should be able to see error message','negative','updated','low','2025-06-17 09:00:02','2025-06-30 15:09:06','[1,2]',0),(23,11,11,1,7,'Check system behavior when user input password more than 12 character','- On the log in page\r\n- Input valid phone number \r\n- Input password more than 12 character\r\n- Tap on \"login\" button','Password: password12345','User should be able to see error message','negative','updated','low','2025-06-17 09:00:50','2025-06-30 15:09:06','[1,2]',0),(24,12,12,1,7,'Check system behavior when user input password less than 7 character','- On the log in page\r\n- Input valid phone number \r\n- Input password less than 7 character\r\n- Tap on \"login\" button','Password: passwo','User should be able to see error message','negative','updated','low','2025-06-17 09:02:16','2025-06-30 15:09:06','[1,2]',0),(25,13,13,1,7,'Check system behavior when user input password more than 14 character','- On the log in page\r\n- Input valid phone number \r\n- Input password more than 14 character\r\n- Tap on \"login\" button','Password: password1234567','User should be able to see error message','negative','updated','low','2025-06-17 09:02:57','2025-06-30 15:09:06','[1,2]',0),(26,14,14,1,7,'Check system behavior when user click on eye icon','- On the login page\r\n- Input password\r\n- Tap on eye icon','Password: password','User should be able to hide and unhide the password inputted','positive','updated','low','2025-06-17 09:03:34','2025-06-30 15:09:06','[1,2]',0),(27,15,15,1,7,'Check system behavior when user click on login button with deleted account','- On the login page\r\n- Input deleted phone number and password\r\n- Tap on \"login\" button','Phone Number: 081987654321 \r\nPassword: password\r\nPhone Code: 62','User should be able to see alert message and prevent to log in','negative','updated','low','2025-06-17 09:04:16','2025-06-30 15:09:06','[1,2]',0),(28,16,16,1,7,'Check system behavior when user click on login button with banned account','- On the login page\r\n- Input deleted phone number and password\r\n- Tap on \"login\" button','Phone Number: 08918273645 \r\nPassword: password\r\nPhone Code: 62','User should not be able to log in and should see alert message','negative','updated','low','2025-06-17 09:05:39','2025-06-30 15:09:06','[1,2]',0),(29,17,17,1,7,'Check system behavior when user tap on \"sign in as guest\" text button','- Open the apps\r\n- Tap on “sign in as guest” text button',NULL,'User should be direct to home page','positive','updated','low','2025-06-17 09:06:09','2025-06-30 15:09:06','[1,2]',0),(30,18,18,1,7,'Check system behavior when user tap on \"register\" button','- Open the apps\r\n- Tap on \"register here\" text button',NULL,'User should be able direct to register page','positive','created','low','2025-06-25 17:14:56','2025-06-30 15:09:06','[1,2]',0),(31,19,19,1,7,'Check system behavior when user forgot password','- Open the apps\r\n- Tap on \"tap here\" text button',NULL,'User should be able direct to forgot password page','positive','created','low','2025-06-25 17:15:29','2025-06-30 15:09:06','[1,2]',0),(32,20,20,5,7,'Check system behavior when user search valid voucher','- On the promotion page\r\n- Tap search bar\r\n- Input code','code promo: SPECIAL123','User should be able to see matching voucher code displayed in voucher list','positive','updated','low','2025-06-26 05:42:40','2025-06-30 15:09:06','[13,14]',0),(33,21,21,5,7,'Check system behavior when user search invalid voucher','- On the promotion page\r\n- Tap search bar\r\n- Input code','code promo: EXTRAVAGANZA','User should not be able to see voucher code displayed because voucher code not found','negative','created','low','2025-06-27 09:51:18','2025-06-30 15:09:06','[13,14]',0),(34,22,22,5,7,'Check system behavior when user select voucher','- On the promotion page\r\n- Select promo list',NULL,'User should be able direct to description promo page','positive','created','low','2025-06-27 09:52:32','2025-06-30 15:09:06','[13,14]',0),(35,23,23,5,7,'Check system behavior when user tap copy icon','- On the description promo page\r\n- Tap copy icon button',NULL,'User should be able to copy promo code','positive','created','low','2025-06-27 09:53:44','2025-06-30 15:09:06','[13,14]',0),(36,24,24,5,7,'Check system behavior when user select related product','- On the description promo page\r\n- Select product',NULL,'User should be able direct to detail product page','positive','created','low','2025-06-27 09:54:36','2025-06-30 15:09:06','[13,14]',0),(37,25,25,5,7,'Check system behavior when user tap favorite icon','- On the description promo page\r\n- Tap favorite icon button',NULL,'User should be able to mark and unmark the product as favorite; the icon should toggle between filled and unfilled states accordingly','positive','created','low','2025-06-27 09:55:10','2025-06-30 15:09:06','[13,14]',0),(38,26,26,5,7,'Check system behavior when user tap reset button','- On the promotion page\r\n- Tap search bar\r\n- Input code\r\n- Tap \"x\" button','code promo: SPECIAL123','User should be able see the search input cleared, and all available vouchers displayed again','positive','created','low','2025-06-27 09:55:48','2025-06-30 15:09:06','[13,14]',0),(39,27,27,5,7,'check system behavior when user tap on copy icon from out of quota voucher','- On the description promo page\r\n- Tap on copy icon button (out of quota)',NULL,'user should not be able to copy code because the button is disable','negative','created','medium','2025-06-27 09:56:23','2025-06-30 15:09:06','[13,14]',0),(40,28,28,5,7,'check system behavior when user tap on copy icon from expired voucher','- On the description promo page\r\n- Tap copy icon button (expired)',NULL,'user should not be able to copy code because the button is disable','negative','created','medium','2025-06-27 09:56:53','2025-06-30 15:09:06','[13,14]',0),(41,29,29,8,7,'Check system behavior when user selected news','- On the news page\r\n- Select news',NULL,'User should be able direct to detail news page','positive','updated','low','2025-06-27 10:16:36','2025-06-30 15:09:06','[4,14]',0),(42,30,30,8,7,'Check system behavior when user tap favorite icon','- On the detail news page\r\n- Tap favorite icon button',NULL,'User should be able to mark and unmark the product as favorite; the icon should toggle between filled and unfilled states accordingly','positive','created','low','2025-06-27 10:17:32','2025-06-30 15:09:06','[4,14]',0),(43,31,31,8,7,'Check system behavior when user select related product','- On the detail news page\r\n- Select related product',NULL,'User should be able direct to detail product selected','positive','created','low','2025-06-27 10:18:05','2025-06-30 15:09:06','[4,14]',0),(44,32,32,8,7,'Check system behavior when user tap image','- On the detail news page\r\n- Tap image',NULL,'User should be able direct to full screen image page','positive','created','low','2025-06-27 10:18:43','2025-06-30 15:09:06','[4,14]',0),(45,34,34,4,7,'Check system behavior when user tap store','- On the home page\r\n- Tap store field',NULL,'User should be able to see bottomsheet store appear','positive','created','medium','2025-06-27 16:54:09','2025-07-01 11:04:27','[5,14]',0),(46,35,35,4,7,'Check system behavior when user tap favorite icon','- On home page\r\n- Tap favorite icon',NULL,'User should be able direct to favorite page','positive','created','medium','2025-06-27 16:54:54','2025-07-01 11:04:27','[5,14]',0),(47,36,36,4,7,'Check system behavior when guest tap favorite icon','- On home page\r\n- Tap favorite icon',NULL,'Guest should be able direct to ask to login page','negative','created','medium','2025-06-27 16:58:49','2025-07-01 11:04:27','[5,14]',0),(48,37,37,4,7,'Check system behavior when user tap category','- On the home page\r\n- Select category',NULL,'User should be able direct to catalog page with the selected category automatically applied as a filter','positive','created','medium','2025-06-27 17:00:19','2025-07-01 11:04:27','[5,14]',0),(49,38,38,4,7,'Check system behavior when user tap \"see all featured items” button','- On the home page\r\n- Tap \"see all featured items\" button',NULL,'User should be able direct to catalogue page','positive','created','medium','2025-06-27 17:00:58','2025-07-01 11:04:27','[5,14]',0),(50,39,39,4,7,'Check system behavior when user tap \"see all flash sale\" button','- On the home page\r\n- Tap \"see all flash sale\" button',NULL,'User should be able direct to catalogue page','positive','created','low','2025-06-27 17:01:31','2025-07-01 11:04:27','[5,14]',0),(51,40,40,4,7,'Check system behavior when user tap voucher','- On the home page\r\n- Tap voucher',NULL,'User should be able direct to voucher detail page','positive','created','medium','2025-06-27 17:02:23','2025-07-01 11:04:27','[5,14]',0),(52,41,41,4,7,'Check system behavior when user tap \"see all voucher\" button','- On the home page\r\n- Tap \"see all voucher\" button',NULL,'User should be able direct to voucher page','positive','created','low','2025-06-27 17:09:42','2025-07-01 11:04:27','[5,14]',0),(53,42,42,4,7,'Check system behavior when user tap \"see all popular product\" button','- On the home page\r\n- Tap \"see all popular product\" button',NULL,'User should be able direct to catalogue page','positive','created','medium','2025-06-27 17:10:20','2025-07-01 11:04:27','[5,14]',0),(54,43,43,4,7,'Check system behavior when user tap product','- On the home page\r\n- Tap product',NULL,'User should be able direct to product detail page','positive','created','medium','2025-06-27 17:10:54','2025-07-01 11:04:27','[5,14]',0),(55,44,44,4,7,'Check system behavior when user tap favorite icon on product','- On the home page\r\n- Tap favorite icon on product',NULL,'User should be able to mark and unmark the product as favorite; the icon should toggle between filled and unfilled states accordingly','positive','created','low','2025-06-27 17:11:34','2025-07-01 11:04:27','[5,14]',0),(56,45,45,4,7,'Check system behavior when guest tap favorite icon on product','- On the home page\r\n- Tap favorite icon on product',NULL,'Guest should be able direct to ask to login page','positive','created','low','2025-06-27 17:12:20','2025-07-01 11:04:27','[5,14]',0),(57,46,46,4,7,'Check system behavior when user tap add product','- On the home page\r\n- Tap \"add\" button',NULL,'User should be able to see floating cart appear','positive','created','low','2025-06-27 17:12:55','2025-07-01 11:04:27','[5,14]',0),(58,47,47,4,7,'Check system behavior when user delete product from cart','- On the home page\r\n- Tap \"add\" button\r\n- Tap \"-\" button',NULL,'User sould be able to delete product in cart and floating cart disappear','positive','created','low','2025-06-27 17:13:30','2025-07-01 11:04:27','[5,14]',0),(59,48,48,4,7,'Check system behavior when user tap \"cart\" button','- On the home page\r\n- Tap \"add\" button\r\n- Tap \"cart\" button',NULL,'User should be able direct to order confirmation page','positive','created','low','2025-06-27 17:13:58','2025-07-01 11:04:27','[5,14]',0),(60,49,49,4,7,'Check system behavior when guest tap add product','- On the home page\r\n- Tap \"add\" button',NULL,'Guest should be able direct to ask to login page','negative','created','medium','2025-06-27 17:14:29','2025-07-01 11:04:27','[5,14]',0),(61,50,50,4,7,'Check system behavior when user tap news','- On the home page\r\n- Tap news',NULL,'User should be able direct to news detail page','positive','created','low','2025-06-27 17:15:02','2025-07-01 11:04:27','[5,14]',0),(62,51,51,4,7,'Check system behavior when user tap “see all news” button','- On the home page\r\n- Tap \"see all news\" button',NULL,'User should be able direct to news page','positive','created','low','2025-06-27 17:15:40','2025-07-01 11:04:27','[5,14]',0),(63,52,52,6,7,'Check system behavior when user search valid product','- On the favorite page\r\n- Tap search bar\r\n- Input product','Product: Ayam','User should be able to see matching product displayed in favorite list','positive','created','medium','2025-06-28 08:17:21','2025-07-01 11:04:27','[6,14]',0),(64,53,53,6,7,'Check system behavior when user search invalid product','- On the favorite page\r\n- Tap search bar\r\n- Input product','Product: Wedank ronde','User should not be able to see product displayed because product not found','negative','created','medium','2025-06-28 08:18:12','2025-07-01 11:04:27','[6,14]',0),(65,54,54,6,7,'Check system behavior when user tap reset button','- On the favorite page\r\n- Tap search bar\r\n- Input product\r\n- Tap \"x\" button','Product: Ayam','User should be able see the search input cleared and all favorite product displayed again','positive','created','medium','2025-06-28 08:18:59','2025-07-01 11:04:27','[6,14]',0),(66,55,55,6,7,'Check system behavior when user tap category button with existing product','- On the favorite page\r\n- select category',NULL,'User should be able to see product with the selected category automatically applied as a filter','positive','updated','medium','2025-06-28 08:19:45','2025-07-01 11:04:27','[6,14]',0),(67,56,56,6,7,'Check system behavior when user select filter','- On the favorite page\r\n- Tap \"filter\" button\r\n- Select filter','Filter Options:\r\n- A to Z\r\n- Z to A\r\n- Low to High\r\n- High to Low\r\n- Default','User should be able to see product list sorted based on the selected filter option','positive','updated','medium','2025-06-28 08:20:34','2025-07-01 11:04:27','[6,14]',0),(68,57,57,6,7,'Check system behavior when user tap filled favorite icon','- On the favorite page\r\n- Tap filled favorite icon',NULL,'User should be able to remove the product from favorite and the product should disappear from the favorite list','positive','created','medium','2025-06-28 08:21:14','2025-07-01 11:04:27','[6,14]',0),(69,58,58,6,7,'Check system behavior when user tap add button','- On the favorite page\r\n- Tap \"add\" button',NULL,'User should be able to see floating cart appear','positive','created','medium','2025-06-28 08:22:22','2025-07-01 11:04:27','[6,14]',0),(70,59,59,6,7,'Check system behavior when user tap \"floating cart\" button','- On the favorite page\r\n- Tap \"floating cart\" button',NULL,'User should be able direct to order confirmation page','positive','created','medium','2025-06-28 08:23:06','2025-07-01 11:04:27','[6,14]',0),(71,60,60,6,7,'Check system behavior when user delete product from cart','- On the favorite page\r\n- Tap \"add\" button\r\n- Tap \"-\" button',NULL,'User should be able to delete product in cart and floating cart disappear','positive','created','medium','2025-06-28 08:23:57','2025-07-01 11:04:27','[6,14]',0),(72,61,61,6,7,'Check system behavior when user tap category button with no product available','- On the favorite page\r\n- select category',NULL,'User should not be able to see any product displayed because no product matches the selected category','negative','created','medium','2025-06-28 08:49:54','2025-07-01 11:04:27','[6,14]',0),(73,62,62,7,7,'Check system behavior when user tap \"another store\" button','- On the home page\r\n- Tap \"store\" button\r\n- Tap \"another store\" button',NULL,'User should be able direct to change store page','positive','created','medium','2025-06-29 05:46:05','2025-07-01 11:04:27','[7,14]',0),(74,63,63,7,7,'Check system behavior when user search valid store','- On the change location page\r\n- Search valid store','Store: Jakarta','User should be able to see the searched store displayed in the store list','positive','created','medium','2025-06-29 05:46:46','2025-07-01 11:04:27','[7,14]',0),(75,64,64,7,7,'Check system behavior when user search invalid store','- On the change location page\r\n- Search invalid store','Store: Johor','User should not be able to see the store displayed because it was not found','negative','created','medium','2025-06-29 05:47:20','2025-07-01 11:04:27','[7,14]',0),(76,65,65,7,7,'Check system behavior when user tap reset button','- On the change location page\r\n- Search store\r\n- Tap \"reset\" button','Store: Jakarta','User should be able to see the search input cleared and all available stores displayed again','positive','created','medium','2025-06-29 05:48:40','2025-07-01 11:04:27','[7,14]',0),(77,66,66,7,7,'Check system behavior when user tap direction button','- On the change location page\r\n- Select store\r\n- Tap \"phone\" button',NULL,'User should be able  directed to Google Maps with navigation to the selected store automatically displayed','positive','created','medium','2025-06-29 05:49:13','2025-07-01 11:04:27','[7,14]',0),(78,67,67,7,7,'Check system behavior when user tap phone button','- On the change location page\r\n- Select store\r\n- Tap \"phone\" button',NULL,'User should be able directed to phone dialer with the store phone number automatically filled in','positive','created','medium','2025-06-29 05:49:44','2025-07-01 11:04:27','[7,14]',0),(79,68,68,7,7,'Check system behavior when user change store','- On the change location page\r\n- Select store\r\n- Tap \"set location\" button',NULL,'User should be able to change store','positive','created','medium','2025-06-29 05:50:13','2025-07-01 11:04:27','[7,14]',0),(80,69,69,9,7,'Check system behavior when user search valid product','- On the catalogue page\r\n- Search valid product','Product: Ayam','User should be able to see matching product displayed in catalogue list','positive','created','low','2025-06-29 14:35:10','2025-07-01 11:04:27','[8,14]',0),(81,70,70,9,7,'Check system behavior when user search invalid product','- On the catalogue page\r\n- Search invalid product','Product: Honda Civic','User should not be able to see product displayed because product not found','negative','created','medium','2025-06-29 14:35:48','2025-07-01 11:04:27','[8,14]',0),(82,71,71,9,7,'Check system behavior when user tap reset button','- On the catalogue page\r\n- Search product\r\n- Tap \"x\" button','Product: Ayam','User should be able see the search input cleared and all available product displayed again','positive','created','low','2025-06-29 14:36:58','2025-07-01 11:04:27','[8,14]',0),(83,72,72,9,7,'Check system behavior when user select filter','- On the catalogue page\r\n- Tap \"filter\" button\r\n- Select filter','Filter Options:\r\n• A to Z\r\n• Z to A\r\n• Low to High\r\n• High to Low\r\n• Default','User should be able to see product list sorted based on the selected filter option','positive','created','medium','2025-06-29 14:37:46','2025-07-01 11:04:27','[8,14]',0),(84,73,73,9,7,'Check system behavior when user select category button with existing product','- On the catalogue page\r\n- select category',NULL,'User should be able to see product with the selected category automatically applied as a filter','positive','created','medium','2025-06-29 14:38:19','2025-07-01 11:04:27','[8,14]',0),(85,74,74,9,7,'Check system behavior when user select category with no product available','- On the catalogue page\r\n- select category',NULL,'User should not be able to see any product displayed because no product matches the selected category','negative','created','medium','2025-06-29 14:39:07','2025-07-01 11:04:27','[8,14]',0),(86,75,75,9,7,'Check system behavior when guest tap add product button','- On the catalogue page \r\n- Tap \"add\" button',NULL,'Guest should be able direct to ask to login page','negative','created','medium','2025-06-29 14:39:37','2025-07-01 11:04:27','[8,14]',0),(87,76,76,9,7,'Check system behavior when user tap add product button','- On the catalogue page \r\n- Tap \"add\" button',NULL,'User should be able to see floating cart appear','positive','created','low','2025-06-29 14:40:15','2025-07-01 11:04:27','[8,14]',0),(88,33,33,9,7,'Check system behavior when guest tap favorite icon on product','- On the catalogue page \r\n- Tap favorite icon on product',NULL,'Guest should be able direct to ask to login page','negative','updated','low','2025-06-29 14:40:50','2025-07-01 11:04:27','[8,14]',0),(89,77,77,9,7,'Check system behavior when user tap favorite icon on product','- On the catalogue page \r\n- Tap favorite icon on product',NULL,'User should be able to mark and unmark the product as favorite; the icon should toggle between filled and unfilled states accordingly','positive','created','high','2025-06-29 14:41:25','2025-06-30 15:09:06','[8,14]',0),(90,78,78,9,7,'Check system behavior when user select product','- On the catalogue page \r\n- Select product',NULL,'User should be able direct to product detail','positive','created','medium','2025-06-29 14:42:04','2025-06-30 15:09:06','[8,14]',0),(91,79,79,9,7,'Check system behavior when user tap “floating cart” button','- On the catalogue page \r\n- Tap \"floating cart\" button',NULL,'User should be able direct to order confirmation page','positive','created','medium','2025-06-29 14:42:39','2025-06-30 15:09:06','[8,14]',0),(92,80,80,9,7,'Check system behavior when user delete product','- On the catalogue page \r\n- Tap \"add\" button \r\n- Tap \"-\" button',NULL,'User should be able to delete the product from cart and floating cart should disappear when quantity reaches zero','positive','created','medium','2025-06-29 16:05:37','2025-06-30 15:09:06','[8,14]',0),(93,81,81,9,7,'Check system behavior when guest tap favorite icon on product','- On the catalogue page \r\n- Tap favorite icon on product',NULL,'Guest should be able direct to ask to login page','negative','created','medium','2025-06-29 16:07:59','2025-06-30 15:09:06','[8,14]',0),(94,82,82,10,7,'Check system behavior when user tap favorite icon on product','- On the product detail page\r\n- Tap the favorite icon on product',NULL,'User should be able to mark and unmark the product as favorite; the icon should toggle between filled and unfilled states accordingly','positive','created','medium','2025-06-30 14:38:58','2025-06-30 15:09:06','[9,14]',0),(95,83,83,10,7,'Check system behavior when guest tap favorite icon on product','- On the product detail page\r\n- Tap the favorite icon on product',NULL,'Guest should be able direct to ask to login page','negative','created','medium','2025-06-30 14:39:30','2025-06-30 15:09:06','[9,14]',0),(96,84,84,10,7,'Check system behavior when user tap related voucher','- On the product detail page\r\n- Tap related voucher',NULL,'User should be able direct to voucher detail','positive','created','medium','2025-06-30 14:40:01','2025-06-30 15:09:06','[9,14]',0),(97,85,85,10,7,'Check system behavior when guest tap related voucher','- On the product detail page\r\n- Tap related voucher',NULL,'Guest should be able direct to ask to login page','negative','created','medium','2025-06-30 14:40:43','2025-06-30 15:09:06','[9,14]',0),(98,86,86,10,7,'Check system behavior when guest tap add product','- On the product detail page\r\n- Tap add to cart button',NULL,'Guest should be able direct to ask to login page','negative','created','low','2025-06-30 14:41:25','2025-06-30 15:09:06','[9,14]',0),(99,87,87,10,7,'Check system behavior when guest tap chat icon','- On the product detail page\r\n- Tap chat icon',NULL,'Guest should be able direct to ask to login page','negative','created','medium','2025-06-30 14:42:05','2025-06-30 15:09:06','[9,14]',0),(100,88,88,10,7,'Check system behavior when user send message','- On the product detail page\r\n- Tap chat icon\r\n- Type message\r\n- Send message','Message: Hello','User should be able to see message sent in roomchat page','positive','created','medium','2025-06-30 14:42:37','2025-06-30 15:09:06','[9,14]',0),(101,89,89,10,7,'User should be able to see message sent in roomchat page','- On the product detail page\r\n- Tap chat icon',NULL,'User should be able to see modal message appear','positive','created','medium','2025-06-30 14:43:08','2025-06-30 15:09:06','[9,14]',0),(102,90,90,10,7,'Check system behavior when user tap other product','- On the product detail page\r\n- Tap other product',NULL,'User should be able direct to another product detail page','positive','created','medium','2025-06-30 14:43:37','2025-06-30 15:09:06','[9,14]',0),(103,91,91,10,7,'Check system behavior when user tap cart button','- On the product detail page\r\n- Tap \"cart\" button',NULL,'User should be able direct to order confirmation page','positive','created','medium','2025-06-30 14:44:18','2025-06-30 15:09:06','[9,14]',0),(104,92,92,10,7,'Check system behavior when user delete product','- On the product detail page \r\n- Tap \"add\" button \r\n- Tap \"-\" button',NULL,'User should be able to delete the product from cart and floating cart should disappear when quantity reaches zero','positive','created','medium','2025-06-30 14:44:50','2025-06-30 15:09:06','[9,14]',0),(105,93,93,12,7,'Check system behavior when user tap history button','- On the order list page\r\n- Tap \"history\" button',NULL,'User should be able direct to order history page','positive','created','medium','2025-06-30 15:05:05','2025-06-30 15:09:06','[15,14]',0),(106,94,94,12,7,'Check system behavior when user send invoice','- On the order list page\r\n- Select invoice\r\n- Send invoice',NULL,'User should be able to send invoice','positive','created','low','2025-06-30 15:05:38','2025-06-30 15:09:06','[15,14]',0),(107,95,95,12,7,'Check system behavior when user tap phone icon','- On the order list page\r\n- select invoice\r\n- tap phone icon',NULL,'User should be able direct to phone dialer with number filled','positive','created','medium','2025-06-30 15:06:11','2025-06-30 15:09:06','[15,14]',0),(108,96,96,12,7,'Check system behavior when user tap whatsapp icon','- On the order list page\r\n- select invoice\r\n- tap whatsapp icon',NULL,'User should be able direct to WhatsApp chat with the contact number','positive','created','medium','2025-06-30 15:06:58','2025-06-30 15:09:06','[15,2]',0),(109,97,97,12,7,'Check system behavior when user tap direction icon','- On the order list page\r\n- select invoice\r\n- tap direction icon',NULL,'User should be able  directed to Google Maps with navigation to the selected store automatically displayed','positive','created','low','2025-06-30 15:07:28','2025-06-30 15:09:06','[15,14]',0),(110,98,98,13,7,'Check system behavior when guest tap login or register button','- On the account page\r\n- Tap \"login or register\" button',NULL,'User should be able direct to login page','positive','created','medium','2025-06-30 15:11:28','2025-06-30 15:11:28','[16,18]',0),(111,99,99,13,7,'Check system behavior when user tap edit icon','- On the account page\r\n- Tap edit icon',NULL,'User should be able direct to edit profile page','positive','created','medium','2025-06-30 15:12:03','2025-06-30 15:12:03','[16,18]',0),(112,100,100,13,7,'Check system behavior when user copy referral','- On the account page\r\n- Tap copy icon',NULL,'User should be able to copy referral code','positive','created','low','2025-06-30 16:08:16','2025-06-30 16:08:16','[16,18]',0),(113,101,101,13,7,'Check system behavior when user tap saved addresses button','- On the account page\r\n- Tap \"saved addresses\" button',NULL,'User should be able direct to saved address page','positive','created','medium','2025-06-30 16:08:46','2025-06-30 16:08:46','[16,18]',0),(114,102,102,13,7,'Check system behavior when user tap our store button','- On the account page\r\n- Tap \"our store\" button',NULL,'User should be able dierct to store detail page','positive','created','medium','2025-06-30 16:09:29','2025-06-30 16:09:29','[16,18]',0),(115,103,103,13,7,'Check system behavior when user tap about us button','- On the account page\r\n- Tap \"about us\" button',NULL,'User should be able direct to about us page','positive','created','low','2025-06-30 16:10:19','2025-06-30 16:10:19','[16,18]',0),(116,104,104,13,7,'Check system behavior when user tap phone icon','- On the account page\r\n- Tap \"contact us\"\r\n- Tap phone icon',NULL,'User should be able direct to phone dialer with number filled','positive','created','medium','2025-06-30 16:10:56','2025-06-30 16:10:56','[16,18]',0),(117,105,105,13,7,'Check system behavior when user tap whatsapp icon','- On the account page\r\n- Tap \"contact us\"\r\n- Tap whatsapp icon',NULL,'User should be able direct to WhatsApp chat with the contact number','positive','created','medium','2025-06-30 16:13:10','2025-06-30 16:13:10','[16,18]',0),(118,106,106,13,7,'Check system behavior when user tap term of service button','- On the account page\r\n- Tap \"term of service\" button',NULL,'User should be able direct to term of service page','positive','created','low','2025-06-30 16:14:13','2025-06-30 16:14:13','[16,18]',0),(119,107,107,13,7,'Check system behavior when user tap privacy policy button','- On the account page\r\n- Tap \"privacy policy\" button',NULL,'User should be able direct to privacy policy page','positive','created','medium','2025-06-30 16:14:57','2025-06-30 16:14:57','[16,18]',0),(120,108,108,13,7,'Check system behavior when user change language','- On the account page\r\n- Tap \"change language\" button\r\n- select language',NULL,'User should be able to see the application in the selected language','positive','created','medium','2025-06-30 16:15:28','2025-06-30 16:15:28','[16,18]',0),(121,109,109,13,7,'Check system behavior when user user tap rate us button','- On the account page\r\n- Tap \"rate us\" button',NULL,'User should be able to open play store to give rating','positive','created','medium','2025-06-30 16:16:27','2025-06-30 16:16:27','[16,18]',0),(122,110,110,13,7,'Check system behavior when user set notification','- On the account page\r\n- Tap \"set notification\" button\r\n- Tap \"go to setting\" button',NULL,'User should be able direct to phone app notification setting','positive','created','medium','2025-06-30 16:16:56','2025-06-30 16:16:56','[16,14]',0),(123,111,111,13,7,'Check system behavior when user delete account','- On the account page\r\n- Tap \"delete account\" button\r\n- Input valid data\r\n- Input valid OTP',NULL,'User should be able to delete account and be logged out','positive','created','high','2025-06-30 16:17:22','2025-06-30 16:17:22','[16,18]',0),(124,112,112,13,7,'Check system behavior when user input invalid data','- On the account page\r\n- Tap \"delete account\" button\r\n- Input invalid data',NULL,'User should not be able to continue and see error message','negative','created','low','2025-06-30 16:17:48','2025-06-30 16:17:48','[16,18]',0),(125,113,113,13,7,'Check system behavior when user input invalid OTP','- On the account page\r\n- Tap \"delete account\" button\r\n- Input valid data\r\n- Input invalid OTP',NULL,'User should not be able to delete account and see OTP error message','negative','created','medium','2025-06-30 16:18:18','2025-06-30 16:18:18','[16,18]',0),(126,114,114,13,7,'Check system behavior when user tap resend OTP','- On the account page\r\n- Tap \"delete account\" button\r\n- Input valid data\r\n- Tap \"resend OTP\" button',NULL,'User should be able to request new OTP successfully','positive','created','medium','2025-06-30 16:18:47','2025-06-30 16:18:47','[16,18]',0),(127,115,115,13,7,'Check system behavior when user resend OTP exceed limit','- On the account page\r\n- Tap \"delete account\" button\r\n- Input valid data\r\n- Tap \"resend OTP\" button many time',NULL,'User should be able to see error message and prevented from requesting OTP after reaching limit','negative','created','medium','2025-06-30 16:19:13','2025-06-30 16:19:13','[16,14]',0),(128,116,116,13,7,'Check system behavior when user log out','- On the account page\r\n- Tap \"log out\" button\r\n- Tap \"sure\" button',NULL,'User should be logged out and redirected to guest state','positive','created','high','2025-06-30 16:19:41','2025-06-30 16:19:41','[16,18]',0),(129,117,117,14,7,'Check system behavior when user input valid data on edit profile','- On the edit profile page\r\n- Input valid data\r\n- Tap \"save\" button','Full name: Omar Bradley\r\nEmail: omarbradley@gmail.com\r\nPhone number: 085159101013','User should be able to change profile','positive','created','medium','2025-06-30 16:23:45','2025-06-30 16:23:45','[17,18]',0),(130,118,118,14,7,'Check system behavior when user allow gallery permission','- On the edit profile page\r\n- Tap profile icon\r\n- Tap \"gallery\" button\r\n- Tap \"allow\" button',NULL,'User should be able to select image from gallery','positive','created','medium','2025-06-30 16:24:13','2025-06-30 16:24:13','[17,18]',0),(131,119,119,14,7,'Check system behavior when user allow camera permission','- On the edit profile page\r\n- Tap profile icon\r\n- Tap \"camera\" button\r\n- Tap \"allow\" button',NULL,'User should be able to take picture from camera','positive','created','medium','2025-06-30 16:24:42','2025-06-30 16:24:42','[17,18]',0),(132,120,120,14,7,'Check system behavior when user denies gallery permission','- On the edit profile page\r\n- Tap profile icon\r\n- Tap \"gallery\" button\r\n- Tap \"deny\" button',NULL,'User should not be able to access gallery','positive','created','medium','2025-06-30 16:25:15','2025-06-30 16:25:15','[17,18]',0),(133,121,121,14,7,'Check system behavior when user denies camera permission','- On the edit profile page\r\n- Tap profile icon\r\n- Tap \"camera\" button\r\n- Tap \"deny\" button',NULL,'User should not be able to access camera','positive','created','low','2025-06-30 16:25:50','2025-06-30 16:25:50','[17,18]',0),(134,122,122,14,7,'Check system behavior when user input image size more than 2 MB','- On the edit profile page\r\n- Tap profile icon\r\n- Tap \"gallery\" button\r\n- Select image size more than 2MB',NULL,'User should be able to see error message and prevent to save','negative','created','medium','2025-06-30 16:29:45','2025-06-30 16:29:45','[17,18]',0),(135,123,123,14,7,'Check system behavior when user input name less than 3 character','- On the edit profile page\r\n- Input name less than 3 character\r\n- Tap \"save\" button','Full name: AR','User should be able to see inline error message','negative','created','medium','2025-06-30 16:30:13','2025-06-30 16:30:13','[17,18]',0),(136,124,124,14,7,'Check system behavior when user input name more than 30 character','- On the edit profile page\r\n- Input name more than 30 character\r\n- Tap \"save\" button','Full name: Lorem ipsum dolor sit amet consectetur','User should be able to see inline error message','negative','created','medium','2025-06-30 16:31:19','2025-06-30 16:31:19','[17,18]',0),(137,125,125,14,7,'Check system behavior when user input phone number less than 7 character','- On the edit profile page\r\n- Input phone number less than 7 character\r\n- Tap \"save\" button','Phone number: 08123','User should be able to see inline error message','negative','created','medium','2025-06-30 16:32:03','2025-06-30 16:32:03','[17,18]',0),(138,126,126,14,7,'Check system behavior when user input phone number more than 14 character','- On the edit profile page\r\n- Input phone number more than 14 character\r\n- Tap \"save\" button','Phone number: 081234567891234','User should be able to see inline error message','negative','created','medium','2025-06-30 16:40:47','2025-06-30 16:40:47','[17,18]',0),(139,127,127,14,7,'Check system behavior when user input invalid email','- On the edit profile page\r\n- Input invalid email\r\n- Tap \"save\" button','Email: abc@','User should be able to see inline error message','negative','created','low','2025-06-30 16:41:24','2025-06-30 16:41:24','[17,18]',0),(140,128,128,14,7,'Check system behavior when user submit blank from on edit profile','- On the edit profile page\r\n- Leave form empty\r\n- Tap \"save\" button',NULL,'User should be able to see inline error message','negative','created','medium','2025-06-30 16:42:12','2025-06-30 16:42:12','[17,18]',0),(141,129,129,14,7,'Check system behavior when user input valid data on change password','- On the edit profile page\r\n- Tap \"change password\" button\r\n- Input valid data\r\n- Tap \"ok\" button','Old password: password\r\nPassword: password123\r\nRe-type password password123','User should be able to change password','positive','created','medium','2025-06-30 16:42:44','2025-06-30 16:42:44','[17,18]',0),(142,130,130,14,7,'Check system behavior when user submit blank from on change password','- On the edit profile page\r\n- Tap \"change password\" button\r\n- Tap \"ok\" button',NULL,'User should be able to see inline error message','negative','created','low','2025-06-30 16:43:15','2025-06-30 16:43:15','[17,18]',0),(143,131,131,14,7,'Check system behavior when user input password more than 14 character','- On the edit profile page\r\n- Tap \"change password\" button\r\n- Input invalid data\r\n- Tap \"ok\" button','New password: abcdefghijklmno','User should be able to see inline error message','negative','created','medium','2025-06-30 16:43:50','2025-06-30 16:43:50','[17,18]',0),(144,132,132,14,7,'Check system behavior when user input password more than 12 character','- On the edit profile page\r\n- Tap \"change password\" button\r\n- Input invalid data\r\n- Tap \"ok\" button','New password: abcdefghijklm','User should be able to see inline error message','negative','created','medium','2025-06-30 16:44:30','2025-06-30 16:44:30','[17,18]',0),(145,133,133,14,7,'Check system behavior when user input password less than 7 character','- On the edit profile page\r\n- Tap \"change password\" button\r\n- Input invalid data\r\n- Tap \"ok\" button','New password: 123456','User should be able to see inline error message','negative','created','medium','2025-06-30 16:44:57','2025-06-30 16:44:57','[17,18]',0),(146,134,134,14,7,'Check system behavior when user input password less than 6 character','- On the edit profile page\r\n- Tap \"change password\" button\r\n- Input invalid data\r\n- Tap \"ok\" button','New password: 12345','User should be able to see inline error message','negative','created','medium','2025-06-30 16:45:26','2025-06-30 16:45:26','[17,18]',0),(147,135,135,14,7,'Check system behavior when user input unmatched password','- On the edit profile page\r\n- Tap \"change password\" button\r\n- Input invalid data\r\n- Tap \"ok\" button','Old password: password\r\nPassword: password123\r\nRe-type password password321','User should be able to see inline error message','negative','created','medium','2025-06-30 16:45:55','2025-06-30 16:45:55','[17,18]',0),(148,136,136,14,7,'Check system behavior when user tap eye icon','- On the edit profile page\r\n- Tap \"change password\" button\r\n- Input valid data\r\n- Tap eye icon','Old password: password\r\nPassword: password123\r\nRe-type password password123','User should be able to hide and unhide the password inputted','positive','created','low','2025-06-30 16:46:28','2025-06-30 16:46:28','[17,18]',0),(149,137,137,15,7,'Check system behavior when user input valid data on add address','- On the saved address page\r\n- Tap \"add address\" button\r\n- Input valid data\r\n- Tap \"save\" button','label: Kost\r\naddress: Jl. Merpati No 01\r\nProvince: Jakarta\r\ncity/regency: Jakarta\r\nPin point on map','User should be able to add new address','positive','created','medium','2025-06-30 17:17:24','2025-06-30 17:17:24','[19,18]',0),(150,138,138,15,7,'Check system behavior when user submit blank form on add address','- On the saved address page\r\n- Tap \"add address\" button\r\n- Tap \"save\" button',NULL,'User should be able to see inline error message and prevent to save address','negative','updated','medium','2025-06-30 17:17:57','2025-06-30 17:19:39','[18,19]',0),(151,139,139,15,7,'Check system behavior when user input valid data on edit address','- On the saved address page\r\n- Select address\r\n- Input valid data\r\n- Tap \"save\" button','label: Kost\r\naddress: Jl. Tukad Pakerisan\r\nProvince: Bali\r\ncity/regency: Denpasar\r\nPin point on map','User should be able to edit address','positive','created','medium','2025-06-30 17:18:30','2025-06-30 17:18:30','[19,18]',0),(152,140,140,15,7,'Check system behavior when user submit blank form on edit address','- On the saved address page\r\n- Tap \"add address\" button\r\n- Tap \"save\" button',NULL,'User should be able to see inline error message and prevent to save address','negative','created','medium','2025-06-30 17:19:11','2025-06-30 17:19:11','[19,18]',0),(153,141,141,15,7,'Check system behavior when user delete address','- On the saved address page\r\n- Select address\r\n- Tap trash icon\r\n- Tap \"sure\" button',NULL,'User should be able to delete address  from the list','positive','created','medium','2025-06-30 17:20:08','2025-06-30 17:20:08','[19,18]',0),(154,142,142,16,7,'Check system behavior when user send message','- On the chat list page\r\n- Select store\r\n- Input message\r\n- Send message','Message: Hallo','User should be able to send message','positive','created','medium','2025-07-01 11:06:55','2025-07-01 11:06:55','[11,14]',0),(155,143,143,16,7,'Check system behavior when user allows camera permission','- On the chat list page\r\n- Tap \"attachment\" button\r\n- Tap \"camera\" button\r\n- Tap \"allow\" button',NULL,'User should be able to select image from gallery','positive','created','low','2025-07-01 11:07:37','2025-07-01 11:07:37','[11,14]',0),(156,144,144,16,7,'Check system behavior when user allows gallery permission','- On the chat list page\r\n- Tap \"attachment\" button\r\n- Tap \"gallery\" button\r\n- Tap \"allow\" button',NULL,'User should be able to take picture from camera','positive','created','low','2025-07-01 11:08:17','2025-07-01 11:08:17','[11,14]',0),(157,145,145,16,7,'Check system behavior when user denies gallery permission','- On the chat list page\r\n- Tap \"attachment\" button\r\n- Tap \"gallery\" button\r\n- Tap \"deny\" button',NULL,'User should not be able to access gallery','negative','created','low','2025-07-01 11:09:11','2025-07-01 11:09:11','[11,14]',0),(158,146,146,16,7,'Check system behavior when user denies camera permission','- On the chat list page\r\n- Tap \"attachment\" button\r\n- Tap \"camera\" button\r\n- Tap \"deny\" button',NULL,'User should not be able to access camera','negative','created','low','2025-07-01 11:10:08','2025-07-01 11:10:08','[11,14]',0),(159,147,147,16,7,'Check system behavior when user upload image more than 3','- On the chat room page\r\n- Tap \"attachment\" button\r\n- Tap \"gallery\" button\r\n- Select image',NULL,'User should not be able to upload more than 3 images; error message should appear','negative','created','medium','2025-07-01 11:11:01','2025-07-01 11:11:01','[11,14]',0),(160,148,148,16,7,'Check system behavior when user tap voucher','- On the chat room page\r\n- Tap voucher',NULL,'User should be able direct to voucher detail page','positive','created','low','2025-07-01 11:11:59','2025-07-01 11:11:59','[11,14]',0),(161,149,149,16,7,'Check system behavior when user tap see detail on product','- On the chat room page\r\n- Tap \"See detail\" button on product card',NULL,'User should be able direct to product detail page','positive','created','medium','2025-07-01 11:12:35','2025-07-01 11:12:35','[11,14]',0),(162,150,150,16,7,'Check system behavior when user tap invoice','- On the chat room page\r\n- Tap invoice card',NULL,'User should be able direct to order detail','positive','created','medium','2025-07-01 11:13:28','2025-07-01 11:13:28','[11,14]',0),(163,151,151,16,7,'Check system behavior when user tap suggest message','- On the chat room page\r\n- Tap suggest chat button',NULL,'User should be able to send selected suggestion message','positive','created','medium','2025-07-01 11:14:08','2025-07-01 11:14:08','[11,14]',0),(164,152,152,16,7,'Check system behavior when user tap image','- On the chat room page\r\n- Tap image',NULL,'User should be able to view image in fullscreen','positive','created','medium','2025-07-01 11:15:02','2025-07-01 11:15:02','[11,14]',0),(165,153,153,16,7,'Check system behavior when user tap attachment button','- On the chat room page\r\n- Tap attachment butto',NULL,'User should be able to open attachment options','positive','created','medium','2025-07-01 11:16:21','2025-07-01 11:16:21','[11,14]',0),(166,154,154,16,7,'Check system behavior when user search valid store','- On the chat list page\r\n- Tap search bar\r\n- Input valid store','Store: Jakarta','User should be able to see matching store displayed in store list','positive','created','medium','2025-07-01 11:17:52','2025-07-01 11:17:52','[11,14]',0),(167,155,155,16,7,'Check system behavior when user search invalid store','- On the chat list page\r\n- Tap search bar\r\n- Input invalid store','Store: New York','User should not be able to see store displayed because store not found','negative','created','medium','2025-07-01 11:18:30','2025-07-01 11:18:30','[11,14]',0),(168,156,156,16,7,'Check system behavior when user tap reset button','- On the chat list page\r\n- Tap search bar\r\n- Input store\r\n- Tap reset button','Store: Jakarta','User should be able see the search input cleared and all available store displayed again','positive','created','medium','2025-07-01 11:19:01','2025-07-01 11:19:01','[11,14]',0),(169,157,157,16,7,'Check system behavior when user send product','- On the chat room page\r\n- Tap \"attachment\" button\r\n- Tap \"product\" button\r\n- Select product',NULL,'User should be able to send product to chat','positive','created','medium','2025-07-01 11:19:30','2025-07-01 11:19:30','[11,14]',0),(170,158,158,16,7,'Check system behavior when user send invoice','- On the chat room page\r\n- Tap \"attachment\" button\r\n- Tap \"invoice\" button\r\n- Select invoice',NULL,'User should be able to send invoice to chat','positive','created','high','2025-07-01 11:20:02','2025-07-01 11:20:02','[11,14]',0),(171,159,159,11,7,'Check system behavior when user select order type','- On order confirmation page\r\n- Select type order','Type order:\r\n- Self Pickup\r\n- Store Delivery\r\n- Dine In','User should be able to select and see correct order type reflected','positive','created','high','2025-07-01 18:25:54','2025-07-01 18:25:54','[10,14]',0),(172,160,160,11,7,'Check system behavior when user select payment method','- On order confirmation page\r\n- Select payment method','Payment method:\r\n- Cash On Delivery (COD)\r\n- Manual transfer\r\n- Payment Gateway','User should be able to select and see correct payment method reflected','positive','created','high','2025-07-01 18:26:43','2025-07-01 18:26:43','[10,14]',0),(173,161,161,11,7,'Check system behavior when user tap see on map button','- On order confirmation page\r\n- select type order (Dine in or Self Pickup)\r\n- Tap \"see on map\" button',NULL,'User should be able  directed to Google Maps with navigation to the selected store automatically displayed','positive','created','medium','2025-07-01 18:27:36','2025-07-01 18:27:36','[10,14]',0),(174,162,162,11,7,'Check system behavior when user change address','- On order confirmation page\r\n- select type order (Store Delivery)\r\n- Tap \"change address\" button',NULL,'User should be able to see selected address updated on confirmation page','positive','created','medium','2025-07-01 18:28:15','2025-07-01 18:28:15','[10,14]',0),(175,163,163,11,7,'Check system behavior when user increases product quantity','- On order confirmation page\r\n- Tap \"+\" button on product',NULL,'User should be able to increase product quantity and see updated total price','positive','created','medium','2025-07-01 18:28:52','2025-07-01 18:28:52','[10,14]',0),(176,164,164,11,7,'Check system behavior when user decrease product quantity','- On order confirmation page\r\n- Tap \"-\" button on product',NULL,'User should be able to decrease product quantity and see updated total price','positive','created','medium','2025-07-01 18:29:24','2025-07-01 18:29:24','[10,14]',0),(177,165,165,11,7,'Check system behavior when user add more product','- On order confirmation page\r\n- Tap \"add more product\" button\r\n- Select additional product','product: Ayam','User should be able to see added product in cart with updated total price','positive','created','medium','2025-07-01 18:30:09','2025-07-01 18:30:09','[10,14]',0),(178,166,166,11,7,'Check system behavior when user remove product from cart','- On order confirmation page\r\n- Tap \"-\" until quantity zero',NULL,'User should be able to remove product from cart and see total updated accordingly','positive','created','medium','2025-07-01 18:30:48','2025-07-01 18:30:48','[10,14]',0),(179,167,167,11,7,'Check system behavior when user use valid voucher','- On order confirmation page\r\n- Input valid voucher code','Code promo: SPECIAL123','User should be able to apply voucher and see discount reflected','positive','created','medium','2025-07-01 18:31:22','2025-07-01 18:31:22','[10,14]',0),(180,168,168,11,7,'Check system behavior when user use out of stock voucher','- On order confirmation page\r\n- Input voucher code','Code promo: SPECIAL231','User should be able to see \"apply\" button disabled and prevent to apply the voucher','negative','created','medium','2025-07-01 18:32:02','2025-07-01 18:32:02','[10,14]',0),(181,169,169,11,7,'Check system behavior when user use expired voucher','- On order confirmation page\r\n- Input voucher code','Code promo: SPECIAL321','User should be able to see \"apply\" button disabled and prevent to apply the voucher','negative','created','low','2025-07-01 18:32:57','2025-07-01 18:32:57','[10,14]',0),(182,170,170,11,7,'Check system behavior when user does not meet minimum purchase amount','- On order confirmation page\r\n- Input product with does not meet required value','Code promo: SPECIAL123','User should be able to see \"order\" button disable and minimum info appear','negative','created','medium','2025-07-01 18:33:54','2025-07-01 18:33:54','[10,14]',0),(183,171,171,11,7,'Check system behavior when user meets minimum purchase requirement and taps Order button','- On order confirmation page\r\n- Input product with required value\r\n- Tap \"order\" button',NULL,'User should be able to tap \"order\" button and be directed to the order success page.','positive','created','medium','2025-07-01 18:34:25','2025-07-01 18:34:25','[10,14]',0),(184,172,172,11,7,'Check system behavior when user select voucher with does not meet required value','- On the order confirmation page\r\n- Input voucher with does not meet required value',NULL,'User should be able to ese error message','negative','created','medium','2025-07-01 18:34:53','2025-07-01 18:34:53','[10,14]',0),(185,173,173,3,7,'Check system behavior when user input invalid email','- On the forgot password page\r\n- Input invalid email\r\n- Input phone number\r\n- Tap \"Next\" Button','Email: jhondoe@gmai\r\nPhone Number: 08123456789\r\nPhone Code: 62','User should be able to see inline error message and prevent direct to OTP method page','negative','created','medium','2025-07-02 05:00:21','2025-07-02 05:00:21','[3,2]',0),(186,174,174,3,7,'Check system behavior when user input email only','- On the forgot password page\r\n- Input valid email\r\n- Tap \"Next\" Button','Email: jhondoe@gmail.com','User should be able to see inline error message and prevent direct to OTP method page','negative','created','medium','2025-07-02 05:01:26','2025-07-02 05:01:26','[3,2]',0),(187,175,175,3,7,'Check system behavior when user input unregister credential','- On the forgot password page\r\n- Fill data\r\n- Tap on \"next\" button','Email: customer@gmail.com\r\nPhone Number: 08123456789\r\nPhone Code: 62','User should be able to see error modal appear and prevent direct to OTP method page','negative','created','low','2025-07-02 05:02:20','2025-07-02 05:02:20','[3,14]',0),(188,176,176,3,7,'Check system behavior when user input delete credential','- On the forgot password page\r\n- Fill data\r\n- Tap on \"next\" button','Email: customer1@gmail.com\r\nPhone Number: 08123454321\r\nPhone Code: 62','User should be able to see error modal appear and prevent direct to OTP method page','negative','created','medium','2025-07-02 05:03:28','2025-07-02 05:03:28','[3,2]',0),(189,177,177,3,7,'Check system behavior when user input invalid credential','- On the forgot password page\r\n- Fill data\r\n- Tap on \"next\" button','Email: customer2@gmail.com\r\nPhone Number: 081234512345\r\nPhone Code: 62','User should be able to see error modal appear and prevent direct to OTP method page','negative','created','medium','2025-07-02 05:04:57','2025-07-02 05:04:57','[3,2]',0),(190,178,178,3,7,'Check system behavior when user input banned credential','- On the forgot password page\r\n- Fill data\r\n- Tap on \"next\" button','Email: customer3@gmail.com\r\nPhone Number: 085432112345\r\nPhone Code: 62','User should be able to see error modal appear and prevent direct to OTP method page','negative','created','medium','2025-07-02 05:06:03','2025-07-02 05:06:03','[3,2]',0),(191,179,179,3,7,'Check system behavior when user input invalid code picker','- On the forgot password page\r\n- Fill data (change phone code)\r\n- Tap on \"next\" button','Email: jhondoe@gmail.com\r\nPhone Number: (62) 08123456789\r\nPhone Code: 61','User should be able to see error modal appear and prevent direct to OTP method page','negative','created','low','2025-07-02 05:06:46','2025-07-02 05:06:46','[3,2]',0),(192,180,180,3,7,'Check system behavior when user input phone number only','- On the forgot password page\r\n- Input valid phone number\r\n- Tap \"Next\" Button','Phone Number: 08123456789\r\nPhone Code: 62','User should be able to see inline error message and prevent direct to OTP method page','negative','created','low','2025-07-02 05:08:01','2025-07-02 05:08:01','[3,2]',0),(193,181,181,3,7,'Check system behavior when user input phone number less than 7 character','- On the forgot password page\r\n- Input phone number less than 7 character\r\n- Fill data\r\n- Tap \"next\" button','Email: jhondoe@gmail.com\r\nPhone Number: 081234\r\nPhone Code: 62','User should be able to see inline error message and prevent direct to OTP method page','negative','created','medium','2025-07-02 05:08:56','2025-07-02 05:08:56','[3,2]',0),(194,182,182,3,7,'Check system behavior when user input phone number more than 14 character','- On the forgot password page\r\n- Input phone number more than 14 character\r\n- Fill data\r\n- Tap \"next\" button','Email: jhondoe@gmail.com\r\nPhone Number: 081234567891112\r\nPhone Code: 62','User should be able to see inline error message and prevent direct to OTP method page','negative','created','medium','2025-07-02 05:09:30','2025-07-02 05:09:30','[3,2]',0),(195,183,183,3,7,'Check system behavior when user input valid data on forgot password','- On the forgot password page\r\n- Input valid email\r\n- Input valid phone number\r\n- Tap \"Next\" Button','Email: user@gmail.com\r\nPhone Number: 08123456789','User should be able direct to OTP method page','positive','created','medium','2025-07-02 05:10:43','2025-07-02 05:10:43','[3,2]',0),(196,184,184,3,7,'Check system behavior when user select OTP method','- On the forgot password page\r\n- Input valid email\r\n- Input valid phone number\r\n- Tap \"Next\" Button\r\n- Select OTP method',NULL,'User should be able to select OTP method and direct to OTP page','positive','created','medium','2025-07-02 05:11:16','2025-07-02 05:11:16','[3,2]',0),(197,185,185,3,7,'Check system behavior when user tap \"resend OTP\" button','- On the OTP page\r\n- Tap \"resend OTP\" button',NULL,'User should be able to get OTP again','positive','created','medium','2025-07-02 05:12:40','2025-07-02 05:12:40','[3,2]',0),(198,186,186,3,7,'Check system behavior when user resend OTP exceeded limit','- On the OTP page\r\n- Tap \"resend OTP\" button exceed limit',NULL,'User should be able to see error message','negative','created','medium','2025-07-02 05:13:24','2025-07-02 05:13:24','[3,2]',0),(199,187,187,3,7,'Check system behavior when user input invalid OTP','- On the OTP page\r\n- Input incorrect OTP\r\n- Tap “Next”',NULL,'User should be able to see error message','negative','created','low','2025-07-02 05:14:22','2025-07-02 05:14:22','[3,2]',0),(200,188,188,3,7,'Check system behavior when user input valid OTP','- On the OTP page\r\n- Input incorrect OTP\r\n- Tap “Next”',NULL,'User should be able direct to change password page','positive','created','medium','2025-07-02 05:15:56','2025-07-02 05:15:56','[3,2]',0),(201,189,189,3,7,'Check system behavior when user tap eye icon','- On the change password page\r\n- Input password','Password: 123','User should be able to hide and unhide the password inputted','positive','created','low','2025-07-02 05:16:33','2025-07-02 05:16:33','[3,2]',0),(202,190,190,3,7,'Check system behavior when user user input unmatched password','- On the change password page\r\n- Input password','New password: 1234567\r\nRe-type password: 1234576','User should be able to see inline error message','negative','created','low','2025-07-02 05:18:20','2025-07-02 05:18:20','[3,2]',0),(203,191,191,3,7,'Check system behavior when user submit blank from on change password','- On the change password page\r\n- Input password',NULL,'User should be able to see inline error message','negative','created','low','2025-07-02 05:18:51','2025-07-02 05:18:51','[3,2]',0),(204,192,192,3,7,'Check system behavior when user input password less than 6 character','- On the change password page\r\n- Input password more than 6 character','New password: 12345\r\nRe-type password: 12345','User should be able to see inline error message','negative','created','low','2025-07-02 05:19:25','2025-07-02 05:19:25','[3,2]',0),(205,193,193,3,7,'Check system behavior when user input password less than 7 character','- On the change password page\r\n- Input password more than 7 character','New password: 12345\r\nRe-type password: 12345','User should be able to see inline error message','negative','created','low','2025-07-02 05:19:55','2025-07-02 05:19:55','[3,2]',0),(206,194,194,3,7,'Check system behavior when user input password more than 12 character','- On the change password page\r\n- Input password more than 12 character','New password: 1234567889101112\r\nRe-type password: 1234567890987654321','User should be able to see inline error message','negative','created','medium','2025-07-02 05:20:32','2025-07-02 05:20:32','[3,2]',0),(207,195,195,3,7,'Check system behavior when user input password more than 14 character','- On the change password page\r\n- Input password more than 14 character','New password: 123456789101112115\r\nRe-type password: 123456789101112115','User should be able to see inline error message','negative','created','low','2025-07-02 05:21:04','2025-07-02 05:21:04','[3,2]',0),(208,196,196,3,7,'Check system behavior when user success change password','- On the forgot password page\r\n- Input valid data\r\n- Select OTP method\r\n- Input OTP\r\n- Input valid and matched new password\r\n- Tap \"save\"','New password: 12345678\r\nRe-type password: 12345678','User should be able to change password','positive','created','medium','2025-07-02 05:21:59','2025-07-02 05:21:59','[3,2]',0),(209,197,197,2,7,'Check system behavior when user submit valid data on register page','- On the register page\r\n- Input valid data\r\n- Tap \"next\" button','Image: jpg format\r\nName: Jhon Doe\r\nPhone Number: 08123456789\r\nCode Picker: 62\r\nEmail: jhondoe@gmail.com','User should be able direct to password page','positive','created','medium','2025-07-02 10:37:53','2025-07-02 10:37:53','[12,2]',0),(210,198,198,2,7,'Check system behavior when user allow gallery permission','- On the register page\r\n- Tap profile icon\r\n- Tap \"gallery\" button\r\n- Tap \"allow\" button',NULL,'User should be able to select image from gallery','positive','created','medium','2025-07-02 10:38:26','2025-07-02 10:38:26','[12,2]',0),(211,199,199,2,7,'Check system behavior when user allow camera permission','- On the register page\r\n- Tap profile icon\r\n- Tap \"camera\" button\r\n- Tap \"allow\" button',NULL,'User should be able to take picture from camera','positive','created','medium','2025-07-02 10:38:54','2025-07-02 10:38:54','[12,2]',0),(212,200,200,2,7,'Check system behavior when user denies gallery permission','- On the register page\r\n- Tap profile icon\r\n- Tap \"gallery\" button\r\n- Tap \"deny\" button',NULL,'User should not be able to access gallery','negative','created','low','2025-07-02 10:39:34','2025-07-02 10:39:34','[12,2]',0),(213,201,201,2,7,'Check system behavior when user denies camera permission','- On the register page\r\n- Tap profile icon\r\n- Tap \"camera\" button\r\n- Tap \"deny\" button',NULL,'User should not be able to access camera','negative','created','medium','2025-07-02 10:40:01','2025-07-02 10:40:01','[12,2]',0),(214,202,202,2,7,'Check system behavior when user input image size more than 2MB','- On the register page\r\n- Tap profile icon\r\n- Tap \"gallery\" button\r\n- Select image size more than 2MB',NULL,'User should be able to see error message and prevent to save','negative','created','medium','2025-07-02 10:40:27','2025-07-02 10:40:27','[12,2]',0),(215,203,203,2,7,'Check system behavior when user input name only','- On the register page\r\n- Input name only\r\n- Tap \"next\" button','Name: Jhon Doe','User should be able to see inline error message and prevent direct to password page','negative','created','medium','2025-07-02 11:19:52','2025-07-02 11:19:52','[12,2]',0),(216,204,204,2,7,'Check system behavior when user input name less than 3 character','- On the register page\r\n- Input name less than 3 character\r\n- Fill form\r\n- Tap \"next\" button','Name: Jo\r\nPhone Number: 08123456789\r\nCode Picker: 62\r\nEmail: jhondoe@gmail.com','User should be able to see inline error message and prevent direct to password page','negative','created','medium','2025-07-02 11:20:26','2025-07-02 11:20:26','[12,2]',0),(217,205,205,2,7,'Check system behavior when user input name more than 30 character','- On the register page\r\n- Input name more than 30 character\r\n- Fill form\r\n- Tap \"next\" button','Name: Venushyntha Phauna Pharamytha Tribhuana \r\nPhone Number: 08123456789\r\nCode Picker: 62\r\nEmail: jhondoe@gmail.com','User should be able to see inline error message and prevent direct to password page','negative','created','medium','2025-07-02 11:20:55','2025-07-02 11:20:55','[12,2]',0),(218,206,206,2,7,'Check system behavior when user input invalid email format','- On the register page\r\n- Input invalid email format\r\n- Fill the form','Name: Jhon Doe\r\nPhone Number: 08123456789\r\nCode Picker: 62\r\nEmail: jhondoe@mail','User should be able to see inline error message and user prevent direct to password page','negative','created','medium','2025-07-02 11:21:42','2025-07-02 11:21:42','[12,2]',0),(219,207,207,2,7,'Check system behavior when user input email only','- On the register page\r\n- Input valid email format\r\n- Tap \"next\" button','Email: jhondoe@gmail.com','User should be able to see inline error message and prevent direct to password page','negative','created','low','2025-07-02 11:22:15','2025-07-02 11:22:15','[12,2]',0),(220,208,208,2,7,'Check system behavior when user input phone number only','- On the register page\r\n- Input valid phone number format\r\n- Tap \"next\" button','Phone Number: 08123456789','User should be able to see inline error message and prevent direct to password page','negative','created','medium','2025-07-02 11:22:48','2025-07-02 11:22:48','[12,2]',0),(221,209,209,2,7,'Check system behavior when user input phone number less than 7 character','- On the register page\r\n- Input phone number\r\n- Fill the form','Name: Jhon Doe\r\nPhone Number: 081234\r\nCode Picker: 62\r\nEmail: jhondoe@gmail.com','User should be able to see inline error message and prevent direct to password page','negative','created','low','2025-07-02 11:23:29','2025-07-02 11:23:29','[12,2]',0),(222,210,210,2,7,'Check system behavior when user input phone number more than 14 character','- On the register page\r\n- Input phone number\r\n- Fill the form','Name: Jhon Doe\r\nPhone Number: 081234567891011\r\nCode Picker: 62\r\nEmail: jhondoe@gmail.com','User should be able to see inline error message and prevent direct to password page','negative','created','medium','2025-07-02 11:24:11','2025-07-02 11:24:11','[12,2]',0),(223,211,211,2,7,'Check system behavior when user input invalid phone number format','- On the register page\r\n- Input phone number (contain alphabet, special character and emoji)\r\n- Fill the form','Phone Number: 0812345a12🙏!','User should see inline error message indicating that the phone number is invalid, and user prevent direct to password page','negative','created','medium','2025-07-02 11:24:59','2025-07-02 11:24:59','[12,2]',0),(224,212,212,2,7,'Check system behavior when user input registered phone number','- On the register page\r\n- Input registered phone number\r\n- Fill the form','Phone Number: 08123456789','User should be able to see inline error message','negative','created','medium','2025-07-02 11:25:32','2025-07-02 11:25:32','[12,2]',0),(225,213,213,2,7,'Check system behavior when user input invalid data on register page','- On the register page\r\n- Fill the form','Image: jpg format\r\nName: Jhon Doe123\r\nPhone Number: 081234567a89\r\nCode Picker: 62\r\nEmail: jhondoe@ail.','User should be able to see error messages on each invalid field and prevent direct to password page','negative','created','medium','2025-07-02 11:26:01','2025-07-02 11:26:01','[12,2]',0),(226,214,214,2,7,'Check system behavior when user submit blank form on register page','- On the register page\r\n- Tap \"next\" button',NULL,'User should be able to see inline error message and prevent direct to password page','negative','created','medium','2025-07-02 11:26:40','2025-07-02 11:26:40','[12,2]',0),(227,215,215,2,7,'Check system behavior when user submit blank form on password page','- On the password page\r\n- Tap \"next\" button',NULL,'User should be able to see inline error message and prevent direct to choose method page','negative','created','low','2025-07-02 11:27:05','2025-07-02 11:27:05','[12,2]',0),(228,216,216,2,7,'Check system behavior when user input unmatched password','- On the password page\r\n- Fill the password\r\n- Tap checkbox\r\n- Tap \"next\" button','Password: password\r\nRe-type Password: password123','User should be able to see inline error message and prevent direct to choose method page','negative','created','low','2025-07-02 11:27:35','2025-07-02 11:27:35','[12,2]',0),(229,217,217,2,7,'Check system behavior when user input password less than 6 character','- On the password page\r\n- Fill the password less than 6 character\r\n- Tap checkbox\r\n- Tap \"next\" button','Password: passw\r\nRe-type Password: passw','User should be able to see inline error message and prevent direct to choose method page','negative','created','medium','2025-07-02 11:28:05','2025-07-02 11:28:05','[12,2]',0),(230,218,218,2,7,'Check system behavior when user input password less than 7 character','- On the password page\r\n- Fill the password less than 7 character\r\n- Tap checkbox\r\n- Tap \"next\" button','Password: passwo\r\nRe-type Password: passwo','User should be able to see inline error message and prevent direct to choose method page','negative','created','medium','2025-07-02 11:28:41','2025-07-02 11:28:41','[12,2]',0),(231,219,219,2,7,'Check system behavior when user input password more than 12 character','- On the password page\r\n- Input password more than 12 character\r\n- Fill form\r\n- Tap “next” button','Password: password12345\r\nRe-type Password: password12345','User should be able to see inline error message and prevent direct to choose method page','negative','created','medium','2025-07-02 11:29:09','2025-07-02 11:29:09','[12,2]',0),(232,220,220,2,7,'Check system behavior when user input password more than 14 character','- On the password page\r\n- Input password more than 14 character\r\n- Fill form\r\n- Tap \"next\" button','Password: password1234567\r\nRe-type Password: password1234567','User should be able to see inline error message and prevent direct to choose method page','negative','created','medium','2025-07-02 11:29:57','2025-07-02 11:29:57','[12,2]',0),(233,221,221,2,7,'Check system behavior when user input invalid referral code','- On the password page\r\n- Input valid password\r\n- Input invalid referral code\r\n- Tap \"next\" button','Referral Code: CODE123','User should be able to see error message and prevent direct to OTP page','negative','created','medium','2025-07-02 11:30:26','2025-07-02 11:30:26','[12,2]',0),(234,222,222,2,7,'Check system behavior when user unchecked term of service','- On the password page\r\n- Input valid password\r\n- Do not check \"term of service\" checkbox\r\n- Tap \"Register\" button',NULL,'User should be able to see inline error message and prevent direct to OTP page','negative','created','medium','2025-07-02 11:31:00','2025-07-02 11:31:00','[12,2]',0),(235,223,223,2,7,'Check system behavior when user tap term of service button','- On the password page\r\n- Tap \"term of service\" button',NULL,'User should be able direct to term of service page','positive','created','medium','2025-07-02 11:35:18','2025-07-02 11:35:18','[12,2]',0),(236,224,224,2,7,'Check system behavior when user input valid data on password page','- In the password page\r\n- Fill the password and re-type password\r\n- Tap checkbox\r\n- Tap \"next\" button','Password: password\r\nRe-type Password: password','User should be able direct to choose method page','positive','created','medium','2025-07-02 11:36:12','2025-07-02 11:36:12','[12,2]',0),(237,225,225,2,7,'Check system behavior when user tap eye icon','- In the password page\r\n- Fill the password and re-type password\r\n- Tap eye icon','Password: password\r\nRe-type Password: password','User should be able to hide and unhide password inputted','positive','created','medium','2025-07-02 11:36:48','2025-07-02 11:36:48','[12,2]',0),(238,226,226,2,7,'Check system behavior when user input valid OTP','- On the OTP verification page\r\n- Input correct OTP\r\n- Tap \"next\" button',NULL,'User should be able to complete registration and be directed to the next page or see success message','positive','created','medium','2025-07-02 11:37:20','2025-07-02 11:37:20','[12,2]',0),(239,227,227,2,7,'Check system behavior when user tap resend OTP button','- On the OTP verification page\r\n- Tap \"Resend OTP\" button',NULL,'User should receive a new OTP and stay on OTP input page','positive','created','medium','2025-07-02 11:37:53','2025-07-02 11:37:53','[12,2]',0),(240,228,228,2,7,'Check system behavior when user resend OTP exceed limit','- On the OTP verification page\r\n- Tap \"resend OTP\" button exceed limit',NULL,'User should be able to see error message','negative','created','medium','2025-07-02 11:38:39','2025-07-02 11:38:39','[12,2]',0),(241,229,229,2,7,'Check system behavior when user input invalid OTP','- On the OTP verification page\r\n- Input incorrect OTP\r\n- Tap \"next\" button',NULL,'User should see error message and stay on the OTP input page','negative','updated','medium','2025-07-02 11:39:11','2025-07-02 11:39:34','[12,2]',0),(242,230,230,12,7,'Check system behavior when user confirms manual transfer to store','- On the order list page\r\n- tap \"manual transfer\" button\r\n- tap \"confirm to the store\" button',NULL,'User should be able to submit payment confirmation to the store','positive','created','medium','2025-07-02 12:12:01','2025-07-02 12:12:01','[15,14]',0),(243,231,231,12,7,'Check system behavior when user tap copy account number button','- On the order list page\r\n- tap \"manual transfer\" button\r\n- tap \"copy account number\" button',NULL,'User should be able to copy store account number to clipboard','positive','created','low','2025-07-02 12:12:54','2025-07-02 12:12:54','[15,14]',0),(244,232,232,12,7,'Check system behavior when user tap copy total payment button','- On the order list page\r\n- tap \"manual transfer\" button\r\n- tap \"copy total payment\" button',NULL,'User should be able to copy total payment amount to clipboard','positive','created','low','2025-07-02 12:13:22','2025-07-02 12:13:22','[15,14]',0),(245,233,233,12,7,'Check system behavior when user completes online payment through payment gateway','- On the order list page\r\n- tap \"Online payment\" button\r\n- Redirected to payment gateway\r\n- Complete the payment',NULL,'User should be redirected back to app with successful payment status','positive','created','medium','2025-07-02 12:14:05','2025-07-02 12:14:05','[15,14]',0),(246,234,234,8,7,'Check system behavior when guest tap favorite icon','- On the detail news page\r\n- Tap favorite icon button',NULL,'Guest should be able direct to ask to login page','negative','created','low','2025-07-02 12:21:30','2025-07-02 12:21:30','[4,14]',0),(247,235,235,15,7,'Check system behavior when user input address less than 10 character','- On the saved address page\r\n- Tap \"add address\" button\r\n- input address less than 10 character','Title: Alamatku\r\nAddress: Bandung','User should be able to see inline error message and prevent to save address','negative','created','medium','2025-07-02 12:48:10','2025-07-02 12:48:10','[19,14]',0),(248,236,236,15,7,'Check system behavior when user input title less than 3 character','- On the saved address page\r\n- Tap \"add address\" button\r\n- input title less than 3 character','Title: My\r\nAddress: Jl. Tukad Badung No 1 sebelah apotik','User should be able to see inline error message and prevent to save address','negative','created','low','2025-07-02 13:00:55','2025-07-02 13:00:55','[19,14]',0),(249,237,237,15,7,'Check system behavior when user input address more than 255 character','- On the saved address page\r\n- Tap \"add address\" button\r\n- input address more than 255 character','Title: Kost\r\nAddress: Jalan Kenangan No.123, RT 02 RW 01, Kelurahan Bunga, Kecamatan Harapan, Kabupaten Sentosa, Provinsi Bahagia Jalan Kenangan No.123, RT 02 RW 01, Kelurahan Bunga, Kecamatan Harapan, Kabupaten Sentosa, Provinsi Bahagia Jalan Kenangan No.123, RT 02 RW 01 ini adalah alamatku','User should be able to see inline error message and prevent to save address','negative','created','medium','2025-07-02 13:02:27','2025-07-02 13:02:27','[19,14]',0),(250,238,238,15,7,'Check system behavior when user input title more than 20 character','- On the saved address page\r\n- Tap \"add address\" button\r\n- input title more than 20 character','Title: Alamat tinggal saya sekarang (kost) sebelah supermarket\r\nAddress: Jl. Tukad Badung No 1 sebelah apotik','User should be able to see inline error message and prevent to save address','negative','created','medium','2025-07-02 13:02:59','2025-07-02 13:02:59','[19,14]',0);
/*!40000 ALTER TABLE `test_cases` ENABLE KEYS */;
UNLOCK TABLES;

--
-- Table structure for table `type`
--

DROP TABLE IF EXISTS `type`;
/*!40101 SET @saved_cs_client     = @@character_set_client */;
/*!40101 SET character_set_client = utf8mb4 */;
CREATE TABLE `type` (
  `id` bigint(20) unsigned NOT NULL AUTO_INCREMENT,
  `name` varchar(255) NOT NULL,
  `description` text DEFAULT NULL,
  `created_at` timestamp NULL DEFAULT NULL,
  `updated_at` timestamp NULL DEFAULT NULL,
  PRIMARY KEY (`id`)
) ENGINE=InnoDB AUTO_INCREMENT=8 DEFAULT CHARSET=utf8mb4 COLLATE=utf8mb4_unicode_ci;
/*!40101 SET character_set_client = @saved_cs_client */;

--
-- Dumping data for table `type`
--

LOCK TABLES `type` WRITE;
/*!40000 ALTER TABLE `type` DISABLE KEYS */;
INSERT INTO `type` (`id`, `name`, `description`, `created_at`, `updated_at`) VALUES (7,'FUNCTIONAL',NULL,'2025-06-16 14:39:31','2025-06-16 14:39:31');
/*!40000 ALTER TABLE `type` ENABLE KEYS */;
UNLOCK TABLES;

--
-- Table structure for table `users`
--

DROP TABLE IF EXISTS `users`;
/*!40101 SET @saved_cs_client     = @@character_set_client */;
/*!40101 SET character_set_client = utf8mb4 */;
CREATE TABLE `users` (
  `id` bigint(20) unsigned NOT NULL AUTO_INCREMENT,
  `name` varchar(255) NOT NULL,
  `email` varchar(255) NOT NULL,
  `email_verified_at` timestamp NULL DEFAULT NULL,
  `password` varchar(255) NOT NULL,
  `role` enum('admin','guest') NOT NULL DEFAULT 'guest',
  `remember_token` varchar(100) DEFAULT NULL,
  `created_at` timestamp NULL DEFAULT NULL,
  `updated_at` timestamp NULL DEFAULT NULL,
  PRIMARY KEY (`id`),
  UNIQUE KEY `users_email_unique` (`email`)
) ENGINE=InnoDB AUTO_INCREMENT=2 DEFAULT CHARSET=utf8mb4 COLLATE=utf8mb4_unicode_ci;
/*!40101 SET character_set_client = @saved_cs_client */;

--
-- Dumping data for table `users`
--

LOCK TABLES `users` WRITE;
/*!40000 ALTER TABLE `users` DISABLE KEYS */;
INSERT INTO `users` (`id`, `name`, `email`, `email_verified_at`, `password`, `role`, `remember_token`, `created_at`, `updated_at`) VALUES (1,'admin','admin@gmail.com',NULL,'$2y$12$cKUvpfewS50scPnjU8XZ.uayTrUO/gbVKsqiLFYWiYvrxb0lhKGSC','admin',NULL,'2025-05-06 03:41:17','2025-05-06 03:41:17');
/*!40000 ALTER TABLE `users` ENABLE KEYS */;
UNLOCK TABLES;

--
-- Dumping events for database 'djpiycij_testcase_repository'
--

--
-- Dumping routines for database 'djpiycij_testcase_repository'
--
/*!40103 SET TIME_ZONE=@OLD_TIME_ZONE */;

/*!40101 SET SQL_MODE=@OLD_SQL_MODE */;
/*!40014 SET FOREIGN_KEY_CHECKS=@OLD_FOREIGN_KEY_CHECKS */;
/*!40014 SET UNIQUE_CHECKS=@OLD_UNIQUE_CHECKS */;
/*!40101 SET CHARACTER_SET_CLIENT=@OLD_CHARACTER_SET_CLIENT */;
/*!40101 SET CHARACTER_SET_RESULTS=@OLD_CHARACTER_SET_RESULTS */;
/*!40101 SET COLLATION_CONNECTION=@OLD_COLLATION_CONNECTION */;
/*!40111 SET SQL_NOTES=@OLD_SQL_NOTES */;

-- Dump completed on 2025-08-11 15:05:19
